disease,symtoms_score
Drug Reaction,52.75862068965517
AIDS,50.5
Hypoglycemia,50.24390243902439
Cervical spondylosis,50.19607843137255
Hepatitis E,49.67741935483871
Hepatitis A,49.411764705882355
Hypothyroidism,49.09090909090909
Migraine,48.88888888888889
Typhoid,48.75
Tuberculosis,48.421052631578945
